"Acronym, Common Name or Chemical Name",Chemical Formula,Lifetime (Years),Radiative Efficiency (W m-2 ppb-1),AGWP 20-year (W m-2 yr kg-1),GWP 20-year,AGWP 100-year (W m-2 yr kg-1),GWP 100-year,AGTP 20-year (K kg-1),GTP 20-year,AGTP 50-year (K kg-1),GTP 50-year,AGTP 100-year (K kg-1),GTP 100-year,Molar mass (g mol-1),Correction
"(E)-1-Chloro-3,3,3-trifluoroprop-1-ene",trans-CF3CH=CHCl,0.07,0.04,1.37E-13,5,1.37E-13,1,1.09E-15,2,1.54E-16,<1,1.12E-16,<1,130.49,1
(E)-HFC-1225ye,CF3CF=CHF(E),0.01,0.01,7.25E-15,<1,7.25E-15,<1,5.77E-17,<1,8.14E-18,<1,5.95E-18,<1,132.03,1
(E)-HFC-1234ze,trans-CF3CH=CHF,0.04,0.04,8.74E-14,4,8.74E-14,<1,6.98E-16,<1,9.82E-17,<1,7.18E-17,<1,114.04,1
(Trifluoromethyl) sulphur pentafluoride,SF5CF3,800,0.59,3.36E-10,13500,1.6E-09,17400,9.93E-12,14500,1.1E-11,17800,1.11E-11,20200,196.06,1
(Z)-HFC-1225ye,CF3CF=CHF(Z),0.02,0.02,2.14E-14,<1,2.14E-14,<1,1.7E-16,<1,2.4E-17,<1,1.76E-17,<1,132.03,1
(Z)-HFC-1234ze,CF3CH=CHF(Z),0.03,0.02,2.61E-14,1,2.61E-14,<1,2.08E-16,<1,2.93E-17,<1,2.14E-17,<1,114.04,1
"1-Ethoxy-1,1,2,2,3,3,3-heptafluoropropane",CF3CF2CF2OCH2CH3,0.8,0.28,5.56E-12,223,5.56E-12,61,4.8E-14,70,6.36E-15,10,4.57E-15,8,214.08,1
"1-Ethoxy-1,1,2,3,3,3-hexafluoropropane",CF3CHFCF2OCH2CH3,0.4,0.19,2.14E-12,86,2.14E-12,23,1.77E-14,26,2.43E-15,4,1.76E-15,3,196.09,1
"1,1--Oxybis[2-(difluoromethoxy)-1,1,2,2-tetrafluoroethane",HCF2O(CF2CF2O)2CF2H,26,1.15,2.47E-10,9910,4.51E-10,4920,6.38E-12,9320,2.75E-12,4460,7.45E-13,1360,350.06,1
"1,1-Difluoroethyl 2,2,2-trifluoroacetate",CF3COOCF2CH3,0.3,0.27,2.83E-12,113,2.83E-12,31,2.33E-14,34,3.2E-15,5,2.32E-15,4,178.06,1
"1,1-Difluoroethyl carbonofluoridate",FCOOCF2CH3,0.3,0.17,2.46E-12,99,2.46E-12,27,2.02E-14,30,8.28E-14,5,2.02E-15,4,128.05,1
"1,1,1,2,2,3,3-Heptafluoro-3-(1,2,2,2-tetrafluoroethoxy)-propane",CF3CF2CF2OCHFCF3,67,0.58,1.98E-10,7940,5.95E-10,6490,5.57E-12,8140,4.29E-12,6960,2.39E-12,4380,286.04,1
"1,1,1,3,3,3-Hexafluoropropan-2-ol",(CF3)2CHOH,1.9,0.26,1.67E-11,668,1.67E-11,182,1.66E-13,243,1.97E-14,32,1.38E-14,25,168.04,1
"1,1,1,3,3,3-Hexafluoropropan-2-yl formate",HCOOCH(CF3)2,3.2,0.33,3.05E-11,1220,3.05E-11,333,3.66E-13,535,3.81E-14,62,2.53E-14,46,196.05,1
"1,1,2-Trifluoro-2-(trifluoromethoxy)-ethane",CHF2CHFOCF3,9.8,0.35,9.91E-11,3970,1.14E-10,1240,2.03E-12,2960,2.88E-13,467,9.74E-14,178,166.02,1
"1,1,2,2-Tetrafluoro-1-(fluoromethoxy)ethane",CH2FOCF2CF2H,6.2,0.34,7.68E-11,3080,7.99E-11,871,1.29E-12,1880,1.28E-13,207,6.68E-14,122,150.05,1
"1,1,2,2-Tetrafluoro-3-methoxy-propane",CHF2CF2CH2OCH3,0.038877481,0.03,4.82E-14,2,4.82E-14,<1,3.84E-16,<1,5.41E-17,<1,3.96E-17,<1,146.08,1
"1,1,3,3,4,4,6,6,7,7,9,9,10,10,12,12-hexadecafluoro-2,5,8,11-Tetraoxadodecane",HCF2O(CF2CF2O)3CF2H,26,1.43,2.26E-10,9050,4.12E-10,4490,5.83E-12,8520,2.51E-12,4080,6.81E-13,1250,466.07,1
"1,1,3,3,4,4,6,6,7,7,9,9,10,10,12,12,13,13,15,15-eicosafluoro-2,5,8,11,14-Pentaoxapentadecane",HCF2O(CF2CF2O)4CF2H,26,1.46,1.83E-10,7320,3.33E-10,3630,4.71E-12,6880,2.03E-12,3300,5.5E-13,1010,582.09,1
"1,2-Dichloroethane",CH2ClCH2Cl,0.18,0.01,8.24E-14,3,8.24E-14,<1,6.67E-16,<1,9.29E-17,<1,6.77E-17,<1,98.96,1
"1,2,2,2-Tetrafluoroethyl formate",HCOOCHFCF3,3.2,0.35,4.3E-11,1720,4.31E-11,470,5.17E-13,755,5.39E-14,87,3.57E-14,65,146.04,1
"2-Chloro-1,1,2-trifluoro-1-methoxyethane",CH3OCF2CHFCl,1.4,0.21,1.12E-11,449,1.12E-11,122,1.05E-13,153,1.31E-14,21,9.24E-15,17,148.51,1
"2-Ethoxy-3,3,4,4,5-pentafluorotetrahydro-2,5-bis[1,2,2,2-tetrafluoro-1-(trifluoromethyl)ethyl]-furan",C12H5F19O2,1,0.49,5.09E-12,204,5.09E-12,56,4.53E-14,66,5.86E-15,10,4.19E-15,8,542.14,1
2-Fluoroethanol,CH2FCH2OH,0.055852156,0.02,8.07E-14,3,8.07E-14,<1,6.45E-16,<1,9.07E-17,<1,6.63E-17,<1,64.06,1
"2,2-Difluoroethanol",CHF2CH2OH,0.109514031,0.04,2.78E-13,11,2.78E-13,3,2.23E-15,3,3.12E-16,<1,2.28E-16,<1,82.05,1
"2,2,2-Trifluoroethanol",CF3CH2OH,0.3,0.1,1.83E-12,73,1.83E-12,20,1.5E-14,22,2.07E-15,3,1.5E-15,3,100.04,1
"2,2,2-Trifluoroethyl 2,2,2-trifluoroacetate",CF3COOCH2CF3,0.150034223,0.15,6.27E-13,25,6.27E-13,7,5.06E-15,7,7.07E-16,1,5.15E-16,<1,196.05,1
"2,2,2-Trifluoroethyl formate",HCOOCH2CF3,0.4,0.16,3.07E-12,123,3.07E-12,33,2.55E-14,37,3.48E-15,6,2.52E-15,5,128.05,1
"2,2,3,3-Tetrafluoro-1-propanol",CHF2CF2CH2OH,0.249965777,0.11,1.19E-12,48,1.19E-12,13,9.72E-15,14,1.35E-15,2,9.79E-16,2,132.06,1
"2,2,3,3,3-Pentafluoropropan-1-ol",CF3CF2CH2OH,0.3,0.14,1.72E-12,69,1.72E-12,19,1.42E-14,21,1.95E-15,3,1.42E-15,3,150.05,1
"2,2,3,3,4,4,4-Heptafluoro-1-butanol",CF3CF2CF2CH2OH,0.3,0.16,1.49E-12,60,1.49E-12,16,1.23E-14,18,1.69E-15,3,1.23E-15,2,200.05,1
"2,2,3,3,4,4,4-Heptafluorobutan-1-ol",C3F7CH2OH,0.6,0.2,3.1E-12,124,3.1E-12,34,2.61E-14,38,3.52E-15,6,2.55E-15,5,200.05,1
"2,2,3,3,4,4,5,5-Octafluorocyclopentanol",-(CF2)4CH(OH)-,0.3,0.16,1.18E-12,47,1.18E-12,13,9.67E-15,14,1.33E-15,2,9.69E-16,2,230.06,1
"2,2,3,4,4,4-Hexafluoro-1-butanol",CF3CHFCF2CH2OH,0.25982204,0.19,1.56E-12,63,1.56E-12,17,1.27E-14,19,1.76E-15,3,1.28E-15,2,182.06,1
"3,3,3-Trifluoro-propanal",CF3CH2CHO,0.005475702,0.004,9.86E-16,<1,9.86E-16,<1,7.84E-18,<1,1.11E-18,<1,8.1E-19,<1,112.05,1
"3,3,3-Trifluoropropan-1-ol",CF3CH2CH2OH,0.032854209,0.02,3.57E-14,1,3.57E-14,<1,2.85E-16,<1,4.01E-17,<1,2.93E-17,<1,114.07,1
"3,3,3-Trifluoropropyl formate",HCOOCH2CH2CF3,0.3,0.13,1.6E-12,64,1.6E-12,17,1.31E-14,19,1.8E-15,3,1.31E-15,2,142.08,1
"3,3,4,4,5,5,6,6,6-Nonafluorohex-1-ene",C4F9CH=CH2,0.02,0.03,1.25E-14,<1,1.25E-14,<1,9.92E-17,<1,1.4E-17,<1,1.02E-17,<1,246.07,1
"3,3,4,4,5,5,6,6,7,7,7-Undecafluoroheptan-1-ol",CF3(CF2)4CH2CH2OH,0.054757016,0.06,3.91E-14,2,3.91E-14,<1,3.12E-16,<1,4.39E-17,<1,3.21E-17,<1,314.1,1
"3,3,4,4,5,5,6,6,7,7,8,8,8-Tridecafluorooct-1-ene",C6F13CH=CH2,0.02,0.03,9.89E-15,<1,9.89E-15,<1,7.87E-17,<1,1.11E-17,<1,8.12E-18,<1,346.09,1
"3,3,4,4,5,5,6,6,7,7,8,8,9,9,10,10,10-Heptadecafluorodec-1-ene",C8F17CH=CH2,0.02,0.03,8.52E-15,<1,8.52E-15,<1,6.79E-17,<1,9.57E-18,<1,7E-18,<1,446.1,1
"3,3,4,4,5,5,6,6,7,7,8,8,9,9,10,10,11,11,11-Nonadecafluoroundecan-1-ol",CF3(CF2)8CH2CH2OH,0.054757016,0.05,1.72E-14,<1,1.72E-14,<1,1.37E-16,<1,1.93E-17,<1,1.41E-17,<1,514.13,1
"3,3,4,4,5,5,6,6,7,7,8,8,9,9,9-Pentadecafluorononan-1-ol",CF3(CF2)6CH2CH2OH,0.054757016,0.07,3E-14,1,3E-14,<1,2.4E-16,<1,3.37E-17,<1,2.46E-17,<1,414.11,1
"4,4,4-Trifluorobutan-1-ol",CF3(CH2)2CH2OH,0.010951403,0.01,1.73E-15,<1,1.73E-15,<1,1.38E-17,<1,1.94E-18,<1,1.42E-18,<1,128.09,1
Carbon dioxide,CO2,see*,1.37E-05,2.49E-14,1,9.17E-14,1,6.84E-16,1,6.17E-16,1,5.47E-16,1,44.01,1
Carbon tetrachloride,CCl4,26,0.17,8.69E-11,3480,1.59E-10,1730,2.24E-12,3280,9.68E-13,1570,2.62E-13,479,153.82,1
CFC-11,CCl3F,45,0.26,1.72E-10,6900,4.28E-10,4660,4.71E-12,6890,3.01E-12,4890,1.28E-12,2340,137.37,1
CFC-113,CCl2FCClF2,85,0.3,1.62E-10,6490,5.34E-10,5820,4.6E-12,6730,3.85E-12,6250,2.45E-12,4470,187.38,1
CFC-114,CClF2CClF2,190,0.31,1.92E-10,7710,7.88E-10,8590,5.6E-12,8190,5.56E-12,9020,4.68E-12,8550,170.92,1
CFC-115,CClF2CF3,1020,0.2,1.46E-10,5860,7.03E-10,7670,4.32E-12,6310,4.81E-12,7810,4.91E-12,8980,154.47,1
CFC-12,CCl2F2,100,0.32,2.69E-10,10800,9.39E-10,10200,7.71E-12,11300,6.75E-12,11000,4.62E-12,8450,120.91,1
CFC-13,CClF3,640,0.25,2.71E-10,10900,1.27E-09,13900,7.99E-12,11700,8.77E-12,14200,8.71E-12,15900,104.46,1
Chloroform,CHCl3,0.4,0.08,1.5E-12,60,1.5E-12,16,1.25E-14,18,1.7E-15,3,1.24E-15,2,119.38,1
Difluoro(fluoromethoxy)methane,CH2FOCHF2,3.3,0.3,5.65E-11,2260,5.66E-11,617,6.88E-13,1010,7.11E-14,115,4.69E-14,86,100.04,1
Difluoro(methoxy)methane,CH3OCHF2,1.1,0.17,1.32E-11,528,1.32E-11,144,1.18E-13,173,1.52E-14,25,1.08E-14,20,82.05,1
"Difluoromethyl 2,2,2-trifluoroacetate",CF3COOCHF2,0.3,0.24,2.48E-12,99,2.48E-12,27,2.04E-14,30,2.81E-15,5,2.04E-15,4,164.03,1
"Ethyl 2,2,2-trifluoroacetate",CF3COOCH2CH3,0.059958932,0.05,1.26E-13,5,1.26E-13,1,1E-15,1,1.41E-16,<1,1.03E-16,<1,142.08,1
Fluoro(fluoromethoxy)methane,CH2FOCH2F,0.9,0.19,1.2E-11,479,1.2E-11,130,1.05E-13,153,1.37E-14,22,9.84E-15,18,82.05,1
Fluoro(methoxy)methane,CH3OCH2F,0.199863107,0.07,1.15E-12,46,1.15E-12,13,9.34E-15,14,1.3E-15,2,9.46E-16,2,172.18,1
Fluoroxene,CF3CH2OCH=CH2,0.009856263,0.01,4.97E-15,<1,4.97E-15,<1,3.95E-17,<1,5.58E-18,<1,4.08E-18,<1,126.08,1
Fossil methane,CH4,12.4,0.000363,2.11E-12,85,2.73E-12,30,4.68E-14,68,9.55E-15,15,3.11E-15,6,16.04,1
Halon-1201,CHBrF2,5.2,0.15,3.37E-11,1350,3.45E-11,376,5.17E-13,756,4.96E-14,80,2.87E-14,52,130.92,1
Halon-1202,CBr2F2,2.9,0.27,2.12E-11,848,2.12E-11,231,2.43E-13,356,2.61E-14,42,1.75E-14,32,209.82,1
Halon-1211,CBrClF2,16,0.29,1.15E-10,4590,1.6E-10,1750,2.7E-12,3950,6.98E-13,1130,1.62E-13,297,165.37,1
Halon-1301,CBrF3,65,0.3,1.95E-10,7800,5.77E-10,6290,5.46E-12,7990,4.16E-12,6750,2.28E-12,4170,148.91,1
Halon-2301,CH2BrCF3,3.4,0.14,1.59E-11,635,1.59E-11,173,1.96E-13,286,2.01E-14,33,1.32E-14,24,162.94,1
Halon-2311 / Halothane,CHBrClCF3,1,0.13,3.77E-12,151,3.77E-12,41,3.35E-14,49,4.34E-15,7,3.1E-15,6,197.38,1
Halon-2401,CHFBrCF3,2.9,0.19,1.68E-11,674,1.68E-11,184,1.94E-13,283,2.07E-14,34,1.39E-14,25,180.93,1
Halon-2402,CBrF2CBrF2,20,0.31,8.59E-11,3440,1.35E-10,1470,2.12E-12,3100,7.08E-13,1150,1.66E-13,304,259.82,1
HCFC-122,CHCl2CF2Cl,1,0.17,5.43E-12,218,5.43E-12,59,4.81E-14,70,6.25E-15,10,4.47E-15,8,169.39,1
HCFC-122a,CHFClCFCl2,3.4,0.21,2.36E-11,945,2.37E-11,258,2.91E-13,426,2.99E-14,48,1.96E-14,36,169.39,1
HCFC-123,CHCl2CF3,1.3,0.15,7.28E-12,292,7.28E-12,79,6.71E-14,98,8.45E-15,14,6E-15,11,152.93,1
HCFC-123a,CHClFCF2Cl,4,0.23,3.37E-11,1350,3.39E-11,370,4.51E-13,659,4.44E-14,72,2.81E-14,51,152.93,1
HCFC-124,CHClFCF3,5.9,0.2,4.67E-11,1870,4.83E-11,527,7.63E-13,1120,7.46E-14,121,4.03E-14,74,136.48,1
HCFC-132c,CH2FCFCl2,4.3,0.17,3.07E-11,1230,3.1E-11,338,4.27E-13,624,4.14E-14,67,2.58E-14,47,134.94,1
HCFC-141b,CH3CCl2F,9.2,0.16,6.36E-11,2550,7.17E-11,782,1.27E-12,1850,1.67E-13,271,6.09E-14,111,116.95,1
HCFC-142b,CH3CClF2,17.2,0.19,1.25E-10,5020,1.82E-10,1980,3.01E-12,4390,8.46E-13,1370,1.95E-13,356,100.5,1
HCFC-21,CHCl2F,1.7,0.15,1.35E-11,543,1.35E-11,148,1.31E-13,192,1.59E-14,26,1.12E-14,20,102.92,1
HCFC-22,CHClF2,11.9,0.21,1.32E-10,5280,1.62E-10,1760,2.87E-12,4200,5.13E-13,832,1.43E-13,262,86.47,1
HCFC-225ca,CHCl2CF2CF3,1.9,0.22,1.17E-11,469,1.17E-11,127,1.17E-13,170,1.38E-14,22,9.65E-15,18,202.94,1
HCFC-225cb,CHClFCF2CClF2,5.9,0.29,4.65E-11,1860,4.81E-11,525,7.61E-13,1110,7.43E-14,120,4.01E-14,73,202.94,1
HCFE-235ca2 (enflurane),CHF2OCF2CHFCl,4.3,0.41,5.3E-11,2120,5.35E-11,583,7.36E-13,1080,7.14E-14,116,4.44E-14,81,184.49,1
HCFE-235da2 (isoflurane),CHF2OCHClCF3,3.5,0.42,4.49E-11,1800,4.5E-11,491,5.62E-13,822,5.72E-14,93,3.73E-14,68,184.49,1
HFC-1132a,CH2=CF2,0.01,0.004,3.87E-15,<1,3.87E-15,<1,3.08E-17,<1,4.35E-18,<1,3.18E-18,<1,64.03,1
HFC-1141,CH2=CHF,0.01,0.002,1.54E-15,<1,1.54E-15,<1,1.23E-17,<1,1.73E-18,<1,1.27E-18,<1,46.04,1
HFC-1234yf,CF3CF=CH2,0.03,0.02,3.22E-14,1,3.22E-14,<1,2.57E-16,<1,3.62E-17,<1,2.65E-17,<1,114.04,1
HFC-1243zf,CF3CH=CH2,0.02,0.01,1.37E-14,1,1.37E-14,<1,1.09E-16,<1,1.53E-17,<1,1.12E-17,<1,96.05,1
HFC-125,CHF2CF3,28.2,0.23,1.52E-10,6090,2.91E-10,3170,3.97E-12,5800,1.84E-12,2980,5.29E-13,967,120.02,1
HFC-134,CHF2CHF2,9.7,0.19,8.93E-11,3580,1.02E-10,1120,1.82E-12,2660,2.54E-13,412,8.73E-14,160,102.03,1
HFC-1345zfc,C2F5CH=CH2,0.02,0.01,1.15E-14,<1,1.15E-14,<1,9.19E-17,<1,8.13E-16,<1,9.48E-18,<1,146.06,1
HFC-134a,CH2FCF3,13.4,0.16,9.26E-11,3710,1.19E-10,1300,2.09E-12,3050,4.33E-13,703,1.1E-13,201,102.03,1
HFC-143,CH2FCHF2,3.5,0.13,3E-11,1200,3.01E-11,328,3.76E-13,549,3.82E-14,62,2.49E-14,46,84.04,1
HFC-143a,CH3CF3,47.1,0.16,1.73E-10,6940,4.41E-10,4800,4.76E-12,6960,3.12E-12,5060,1.37E-12,2500,84.04,1
HFC-152,CH2FCH2F,0.4,0.04,1.51E-12,60,1.51E-12,16,1.25E-14,18,1.71E-15,3,1.24E-15,2,66.05,1
HFC-152a,CH3CHF2,1.5,0.1,1.26E-11,506,1.26E-11,138,1.19E-13,174,1.47E-14,24,1.04E-14,19,66.05,1
HFC-161,CH3CH2F,0.18,0.02,3.33E-13,13,3.33E-13,4,2.7E-15,4,3.76E-16,<1,2.74E-16,<1,48.06,1
HFC-227ca,CF3CF2CHF2,28.2,0.27,1.27E-10,5080,2.42E-10,2640,3.31E-12,4830,1.53E-12,2480,4.41E-13,806,170.03,1
HFC-227ea,CF3CHFCF3,38.9,0.26,1.34E-10,5360,3.07E-10,3350,3.61E-12,5280,2.12E-12,3440,7.98E-13,1460,170.03,1
HFC-23,CHF3,222,0.18,2.7E-10,10800,1.14E-09,12400,7.88E-12,11500,7.99E-12,13000,6.95E-12,12700,70.01,1
HFC-236cb,CH2FCF2CF3,13.1,0.23,8.67E-11,3480,1.11E-10,1210,1.94E-12,2840,3.92E-13,636,1.01E-13,185,152.04,1
HFC-236ea,CHF2CHFCF3,11,0.3,1.03E-10,4110,1.22E-10,1330,2.18E-12,3190,3.53E-13,573,1.06E-13,195,152.04,1
HFC-236fa,CF3CH2CF3,242,0.24,1.73E-10,6940,7.39E-10,8060,5.06E-12,7400,5.18E-12,8400,4.58E-12,8380,152.04,1
HFC-245ca,CH2FCF2CHF2,6.5,0.24,6.26E-11,2510,6.56E-11,716,1.07E-12,1570,1.09E-13,176,5.49E-14,100,134.05,1
HFC-245cb,CF3CF2CH3,47.1,0.24,1.67E-10,6680,4.24E-10,4620,4.58E-12,6690,3E-12,4870,1.32E-12,2410,134.05,1
HFC-245ea,CHF2CHFCHF2,3.2,0.16,2.15E-11,863,2.16E-11,235,2.59E-13,378,2.7E-14,44,1.79E-14,33,134.05,1
HFC-245eb,CH2FCHFCF3,3.1,0.2,2.66E-11,1070,2.66E-11,290,3.15E-13,460,3.31E-14,54,2.2E-14,40,134.05,1
HFC-245fa,CHF2CH2CF3,7.7,0.24,7.29E-11,2920,7.87E-11,858,1.35E-12,1970,1.51E-13,245,6.62E-14,121,134.05,1
HFC-263fb,CH3CH2CF3,1.2,0.1,6.93E-12,278,6.93E-12,76,6.31E-14,92,8.02E-15,13,5.7E-15,10,98.07,1
HFC-272ca,CH3CF2CH3,2.6,0.07,1.32E-11,530,1.32E-11,144,1.46E-13,213,1.61E-14,26,1.09E-14,20,80.08,1
HFC-32,CH2F2,5.2,0.11,6.07E-11,2430,6.21E-11,677,9.32E-13,1360,8.93E-14,145,5.17E-14,94,52.02,1
HFC-329p,CHF2CF2CF2CF3,28.4,0.31,1.13E-10,4510,2.16E-10,2360,2.94E-12,4290,1.37E-12,2220,3.96E-13,725,220.04,1
HFC-365mfc,CH3CF2CH2CF3,8.7,0.22,6.64E-11,2660,7.38E-11,804,1.3E-12,1890,1.62E-13,262,6.24E-14,114,148.07,1
HFC-41,CH3F,2.8,0.02,1.07E-11,427,1.07E-11,116,1.21E-13,177,1.31E-14,21,8.82E-15,16,34.03,1
HFC-43-10mee,CF3CHFCHFCF2CF3,16.1,0.42,1.08E-10,4310,1.51E-10,1650,2.54E-12,3720,6.62E-13,1070,1.54E-13,281,252.05,1
HFE-125,CHF2OCF3,119,0.41,3.1E-10,12400,1.14E-09,12400,8.91E-12,13000,8.14E-12,13200,5.97E-12,10900,136.02,1
HFE-134 (HG-00),CHF2OCHF2,24.4,0.44,2.9E-10,11600,5.1E-10,5560,7.42E-12,10800,3.02E-12,4900,7.83E-13,1430,118.03,1
HFE-143a,CH3OCF3,4.8,0.18,4.72E-11,1890,4.8E-11,523,6.95E-13,1020,6.66E-14,108,3.99E-14,73,100.04,1
HFE-216,CF3OCF=CF2,0.022997947,0.02,1.92E-14,<1,1.92E-14,<1,1.53E-16,<1,2.15E-17,<1,1.58E-17,<1,166.02,1
HFE-227ea,CF3CHFOCF3,51.6,0.44,2.22E-10,8900,5.92E-10,6450,6.15E-12,8980,4.22E-12,6850,1.98E-12,3630,186.03,1
HFE-236ca,CHF2OCF2CHF2,20.8,0.56,2.42E-10,9710,3.89E-10,4240,6.03E-12,8820,2.1E-12,3400,4.98E-13,912,168.04,1
HFE-236ca12 (HG-10),CHF2OCF2OCHF2,25,0.65,2.75E-10,11000,4.91E-10,5350,7.06E-12,10300,2.94E-12,4770,7.75E-13,1420,184.04,1
HFE-236ea2 (desflurane),CHF2OCHFCF3,10.8,0.45,1.39E-10,5550,1.64E-10,1790,2.93E-12,4280,4.64E-13,753,1.42E-13,260,168.04,1
HFE-236fa,CF3CH2OCF3,7.5,0.36,8.35E-11,3350,8.98E-11,979,1.53E-12,2240,1.68E-13,273,7.54E-14,138,168.04,1
HFE-245cb2,CF3CF2OCH3,4.9,0.33,5.9E-11,2360,6E-11,654,8.77E-13,1280,8.4E-14,136,4.99E-14,91,150.05,1
HFE-245fa1,CHF2CH2OCF3,6.6,0.31,7.22E-11,2900,7.59E-11,828,1.25E-12,1820,1.27E-13,206,6.35E-14,116,150.05,1
HFE-245fa2,CHF2OCH2CF3,5.5,0.36,7.25E-11,2910,7.45E-11,812,1.15E-12,1670,1.1E-13,179,6.21E-14,114,150.05,1
HFE-254cb1,CH3OCF2CHF2,2.5,0.26,2.76E-11,1110,2.76E-11,301,2.99E-13,438,3.34E-14,54,2.28E-14,42,132.06,1
HFE-263fb2,CF3CH2OCH3,0.062970568,0.04,1.22E-13,5,1.22E-13,1,9.72E-16,1,1.37E-16,<1,9.98E-17,<1,114.07,1
HFE-263m1,CF3OCH2CH3,0.4,0.13,2.7E-12,108,2.7E-12,29,2.25E-14,33,3.06E-15,5,2.22E-15,4,114.07,1
HFE-329mcc2,CHF2CF2OCF2CF3,22.5,0.53,1.68E-10,6720,2.81E-10,3070,4.23E-12,6180,1.59E-12,2580,3.93E-13,718,236.04,1
HFE-329me3,CF3CFHCF2OCF3,40,0.48,1.79E-10,7170,4.17E-10,4550,4.85E-12,7090,2.89E-12,4690,1.12E-12,2040,236.04,1
HFE-338mcf2,CF3CH2OCF2CF3,7.5,0.44,7.93E-11,3180,8.52E-11,929,1.45E-12,2120,1.6E-13,259,7.16E-14,131,218.05,1
HFE-338pcc13 (HG-01),CHF2OCF2CF2OCHF2,12.9,0.86,2.1E-10,8430,2.67E-10,2910,4.69E-12,6860,9.28E-13,1500,2.42E-13,442,234.04,1
HFE-347mcc3 (HFE-7000),CH3OCF2CF2CF3,5,0.35,4.78E-11,1910,4.86E-11,530,7.18E-13,1050,6.87E-14,111,4.05E-14,74,200.05,1
HFE-347mcf2,CHF2CH2OCF2CF3,6.6,0.42,7.45E-11,2990,7.83E-11,854,1.29E-12,1880,1.31E-13,212,6.55E-14,120,200.05,1
HFE-347mmy1,(CF3)2CFOCH3,3.7,0.32,3.32E-11,1330,3.33E-11,363,4.27E-13,624,4.28E-14,69,2.76E-14,51,200.05,1
HFE-347pcf2,CHF2CF2OCH2CF3,6,0.48,7.86E-11,3150,8.15E-11,889,1.3E-12,1900,1.27E-13,206,6.81E-14,124,200.05,1
HFE-356mec3,CH3OCF2CHFCF3,3.8,0.3,3.53E-11,1410,3.55E-11,387,4.6E-13,673,4.58E-14,74,2.94E-14,54,182.06,1
HFE-356mff2,CF3CH2OCH2CF3,0.287474333,0.17,1.54E-12,62,1.54E-12,17,1.26E-14,18,1.74E-15,3,1.26E-15,2,182.06,1
HFE-356mmz1,(CF3)2CHOCH3,0.265845311,0.15,1.25E-12,50,1.25E-12,14,1.02E-14,15,1.41E-15,2,1.02E-15,2,182.06,1
HFE-356pcc3,CH3OCF2CF2CHF2,3.8,0.32,3.77E-11,1510,3.79E-11,413,4.91E-13,718,4.89E-14,79,3.14E-14,57,182.06,1
HFE-356pcf2,CHF2CH2OCF2CHF2,5.7,0.37,6.4E-11,2560,6.59E-11,719,1.03E-12,1500,9.97E-14,162,5.5E-14,101,182.06,1
HFE-356pcf3,CHF2OCH2CF2CHF2,3.5,0.38,4.08E-11,1640,4.09E-11,446,5.11E-13,747,5.2E-14,84,3.39E-14,62,182.06,1
HFE-365mcf2,CF3CF2OCH2CH3,0.6,0.26,5.35E-12,215,5.35E-12,58,4.53E-14,66,6.1E-15,10,4.4E-15,8,164.07,1
HFE-365mcf3,CF3CF2CH2OCH3,0.05284052,0.05,8.51E-14,3,8.51E-14,<1,6.8E-16,<1,9.56E-17,<1,6.99E-17,<1,164.07,1
HFE-374pc2,CHF2CF2OCH2CH3,5,0.3,5.65E-11,2260,5.75E-11,627,8.48E-13,1240,8.12E-14,132,4.79E-14,88,146.08,1
"HFE-43-10pccc124 (H-Galden 1040x, HG-11)",CHF2OCF2OC2F4OCHF2,13.5,1.02,2E-10,8010,2.58E-10,2820,4.52E-12,6600,9.46E-13,1530,2.38E-13,436,300.05,1
HFE-449s1 (HFE-7100),C4F9OCH3,4.7,0.36,3.8E-11,1530,3.86E-11,421,5.54E-13,809,5.32E-14,86,3.21E-14,59,250.06,1
HFE-569sf2 (HFE-7200),C4F9OC2H5,0.8,0.3,5.21E-12,209,5.21E-12,57,4.52E-14,66,5.97E-15,10,4.29E-15,8,264.09,1
HG-02,HF2C-(OCF2CF2)2-OCF2H,12.9,1.24,1.97E-10,7900,2.5E-10,2730,4.4E-12,6430,8.7E-13,1410,2.27E-13,415,350.06,1
HG-03,HF2C-(OCF2CF2)3-OCF2H,12.9,1.76,2.06E-10,8270,2.62E-10,2850,4.6E-12,6730,9.1E-13,1480,2.37E-13,434,466.07,1
HG-20,HF2C-(OCF2)2-OCF2H,25,0.92,2.73E-10,10900,4.86E-10,5300,7E-12,10200,2.91E-12,4730,7.68E-13,1400,250.04,1
HG-21,HF2C-OCF2CF2OCF2OCF2O-CF2H,13.5,1.71,2.76E-10,11100,3.57E-10,3890,6.23E-12,9110,1.31E-12,2120,3.29E-13,602,366.06,1
HG-30,HF2C-(OCF2)3-OCF2H,25,1.65,3.77E-10,15100,6.73E-10,7330,9.68E-12,14100,4.03E-12,6530,1.06E-12,1940,316.05,1
HG’-01,CH3OCF2CF2OCH3,2,0.29,2.03E-11,815,2.03E-11,222,2.06E-13,301,2.42E-14,39,1.68E-14,31,168.08,1
HG’-02,CH3O(CF2CF2O)2CH3,2,0.56,2.16E-11,868,2.16E-11,236,2.19E-13,320,2.57E-14,42,1.79E-14,33,278.1,1
HG’-03,CH3O(CF2CF2O)3CH3,2,0.76,2.03E-11,812,2.03E-11,221,2.05E-13,299,2.41E-14,39,1.67E-14,31,394.11,1
i-HFE-7100,i-C4F9OCH3,4.7,0.35,3.68E-11,1480,3.73E-11,407,5.35E-13,783,5.14E-14,83,3.1E-14,57,250.06,1
i-HFE-7200,i-C4F9OC2H5,0.8,0.24,4.06E-12,163,4.06E-12,44,3.52E-14,52,4.65E-15,8,3.34E-15,6,264.09,1
Methane,CH4,12.4,0.000363,2.09E-12,84,2.61E-12,28,4.62E-14,67,8.69E-15,14,2.34E-15,4,16.04,1.65
"Methyl 2,2-difluoroacetate",HCF2COOCH3,0.109787817,0.05,3E-13,12,3E-13,3,2.41E-15,4,3.38E-16,<1,2.47E-16,<1,110.06,1
"Methyl 2,2,2-trifluoroacetate",CF3COOCH3,0.6,0.18,4.8E-12,192,4.8E-12,52,4.08E-14,60,5.47E-15,9,3.95E-15,7,128.05,1
Methyl bromide,CH3Br,0.8,0.004,2.16E-13,9,2.16E-13,2,1.87E-15,3,2.47E-16,<1,1.78E-16,<1,94.94,1
Methyl carbonofluoridate,FCOOCH3,1.8,0.07,8.74E-12,350,8.74E-12,95,8.6E-14,126,1.03E-14,17,7.21E-15,13,78.04,1
Methyl chloride,CH3Cl,1,0.01,1.12E-12,45,1.12E-12,12,9.93E-15,15,1.29E-15,2,9.2E-16,2,50.49,1
Methyl chloroform,CH3CCl3,5,0.07,1.44E-11,578,1.47E-11,160,2.17E-13,317,2.07E-14,34,1.22E-14,22,133.4,1
Methylene bromide,CH2Br2,0.3,0.01,9.31E-14,4,9.31E-14,1,7.66E-16,1,1.05E-16,<1,7.65E-17,<1,173.83,1
Methylene chloride,CH2Cl2,0.4,0.03,8.18E-13,33,8.18E-13,9,6.78E-15,10,9.26E-16,2,6.72E-16,1,84.93,1
n-HFE-7100,n-C4F9OCH3,4.7,0.42,4.39E-11,1760,4.45E-11,486,6.39E-13,934,6.14E-14,99,3.7E-14,68,250.06,1
n-HFE-7200,N-C4F9OC2H5,0.8,0.35,5.92E-12,237,5.92E-12,65,5.14E-14,75,6.78E-15,11,4.87E-15,9,264.09,1
Nitrogen trifluoride,NF3,500,0.2,3.19E-10,12800,1.47E-09,16100,9.39E-12,13700,1.02E-11,16500,9.91E-12,18100,71,1
Nitrous oxide,N2O,121,0.003,6.58E-12,264,2.43E-11,265,1.89E-13,277,1.74E-13,282,1.28E-13,234,44.01,0.928
perfluoro-2-methyl-3-pentanone,CF3CF2C(O)CF(CF3)2,0.019164956,0.03,9.14E-15,<1,9.14E-15,<1,7.27E-17,<1,1.03E-17,<1,7.51E-18,<1,316.04,1
Perfluorobut-1-ene,CF3CF2CF=CF2,0.016,0.02,8.38E-15,<1,8.38E-15,<1,6.67E-17,<1,9.41E-18,<1,6.88E-18,<1,200.03,1
Perfluorobut-2-ene,CF3CF=CFCF3,0.085,0.07,1.62E-13,6,1.62E-13,2,1.3E-15,2,1.82E-16,<1,1.33E-16,<1,200.03,1
"Perfluorobuta-1,3-diene",CF2=CFCF=CF2,0.003,0.003,3.29E-16,<1,3.29E-16,<1,2.61E-18,<1,3.69E-19,<1,2.7E-19,<1,162.03,1
Perfluorobutyl acetate,CH3COOCF2CF2CF2CF3,0.059958932,0.12,1.52E-13,6,1.52E-13,2,1.21E-15,2,1.71E-16,<1,1.25E-16,<1,278.07,1
Perfluorobutyl formate,HCOOCF2CF2CF2CF3,3,0.56,3.59E-11,1440,3.59E-11,392,4.19E-13,613,4.45E-14,72,2.97E-14,54,264.05,1
Perfluorocyclopentene,c-C5F8,0.08,0.08,1.71E-13,7,1.71E-13,2,1.37E-15,2,1.92E-16,<1,1.4E-16,<1,212.04,1
Perfluorodecalin (cis),Z-C10F18,2000,0.56,1.35E-10,5430,6.64E-10,7240,4.01E-12,5860,4.52E-12,7340,4.72E-12,8630,462.08,1
Perfluorodecalin (trans),E-C10F18,2000,0.48,1.18E-10,4720,5.77E-10,6290,3.48E-12,5090,3.93E-12,6380,4.1E-12,7500,462.08,1
Perfluoroethyl acetate,CH3COOCF2CF3,0.059958932,0.1,1.89E-13,8,1.89E-13,2,1.51E-15,2,2.12E-16,<1,1.55E-16,<1,178.06,1
Perfluoroethyl formate,HCOOCF2CF3,3.5,0.44,5.3E-11,2130,5.32E-11,580,6.64E-13,971,6.76E-14,110,4.41E-14,81,164.03,1
Perfluoropropyl acetate,CH3COOCF2CF2CF3,0.059958932,0.11,1.59E-13,6,1.59E-13,2,1.27E-15,2,1.78E-16,<1,1.3E-16,<1,228.06,1
Perfluoropropyl formate,HCOOCF2CF2CF3,2.6,0.5,3.45E-11,1380,3.45E-11,376,3.8E-13,555,4.19E-14,68,2.85E-14,52,214.04,1
PFC-1114,CF2=CF2,0.003,0.002,2.68E-16,<1,2.68E-16,<1,2.13E-18,<1,3E-19,<1,2.2E-19,<1,100.02,1
PFC-116,C2F6,10000,0.25,2.05E-10,8210,1.02E-09,11100,6.07E-12,8880,6.93E-12,11200,7.36E-12,13500,138.01,1
PFC-1216,CF3CF=CF2,0.013,0.01,6.42E-15,<1,6.42E-15,<1,5.11E-17,<1,7.21E-18,<1,5.27E-18,<1,150.02,1
PFC-14,CF4,50000,0.09,1.22E-10,4880,6.08E-10,6630,3.61E-12,5270,4.12E-12,6690,4.4E-12,8040,88,1
PFC-218,C3F8,2600,0.28,1.66E-10,6640,8.16E-10,8900,4.91E-12,7180,5.56E-12,9010,5.83E-12,10700,188.02,1
PFC-31-10,C4F10,2600,0.36,1.71E-10,6870,8.44E-10,9200,5.08E-12,7420,5.75E-12,9320,6.02E-12,11000,238.03,1
PFC-41-12,n-C5F12,4100,0.41,1.58E-10,6350,7.84E-10,8550,4.69E-12,6860,5.33E-12,8650,5.62E-12,10300,288.03,1
PFC-51-14,n-C6F14,3100,0.44,1.47E-10,5890,7.26E-10,7910,4.35E-12,6370,4.94E-12,8010,5.19E-12,9490,338.04,1
PFC-61-16,n-C7F16,3000,0.5,1.45E-10,5830,7.17E-10,7820,4.31E-12,6290,4.88E-12,7920,5.13E-12,9380,388.05,1
PFC-71-18,C8F18,3000,0.55,1.42E-10,5680,6.99E-10,7620,4.2E-12,6130,4.76E-12,7710,5E-12,9140,438.06,1
PFC-91-18,C10F18,2000,0.55,1.34E-10,5390,6.59E-10,7190,3.98E-12,5820,4.49E-12,7290,4.68E-12,8570,462.08,1
PFC-c216,c-C3F6,3000,0.23,1.71E-10,6850,8.44E-10,9200,5.06E-12,7400,5.74E-12,9310,6.03E-12,11000,150.02,1
PFPMIE (perfluoropolymethylisopropyl ether),CF3OCF(CF3)CF2OCF2OCF3,800,0.65,1.87E-10,7500,8.9E-10,9710,5.52E-12,8070,6.11E-12,9910,6.15E-12,11300,386.04,1
Sevoflurane (HFE-347mmz1),(CF3)2CHOCH2F,2.2,0.32,1.98E-11,795,1.98E-11,216,2.06E-13,302,8.24E-13,38,1.64E-14,30,200.05,1
Sulphur hexafluoride,SF6,3200,0.57,4.37E-10,17500,2.16E-09,23500,1.29E-11,18900,1.47E-11,23800,1.54E-11,28200,146.06,1
Sulphuryl fluoride,SO2F2,36,0.2,1.71E-10,6840,3.76E-10,4090,4.58E-12,6690,2.55E-12,4140,9.01E-13,1650,102.06,1
Trifluoro(fluoromethoxy)methane,CH2FOCF3,4.4,0.33,6.82E-11,2730,6.89E-11,751,9.59E-13,1400,9.27E-14,150,5.72E-14,105,118.03,1
Trifluoromethyl formate,HCOOCF3,3.5,0.31,5.37E-11,2150,5.39E-11,588,6.73E-13,984,6.85E-14,111,4.47E-14,82,114.02,1
